Book,Error
letter O-Z/Letter P,"Locator.get_attribute: Timeout 30000ms exceeded.
Call log:
waiting for locator(""img[src*=\""\tPiano.jpeg\""]"").first
"
letter O-Z/Letter Q,"Locator.get_attribute: Timeout 30000ms exceeded.
Call log:
waiting for locator(""img[src*=\""        Queen.jpeg\""]"").first
"
letter O-Z/Letter R,"Locator.get_attribute: Timeout 30000ms exceeded.
Call log:
waiting for locator(""img[src*=\""        Rainbow.jpeg\""]"").first
"
letter O-Z/Letter S,"Locator.get_attribute: Timeout 30000ms exceeded.
Call log:
waiting for locator(""img[src*=\""\tSpider.jpeg\""]"").first
"
letter O-Z/Letter T,"Locator.get_attribute: Timeout 30000ms exceeded.
Call log:
waiting for locator(""img[src*=\""        Tree.jpeg\""]"").first
"
letter O-Z/Letter U,"Locator.get_attribute: Timeout 30000ms exceeded.
Call log:
waiting for locator(""img[src*=\""        Unicorn.jpeg\""]"").first
"
letter O-Z/Letter V,"Locator.get_attribute: Timeout 30000ms exceeded.
Call log:
waiting for locator(""img[src*=\""        Volcano.jpeg\""]"").first
"
letter O-Z/Letter W,"Locator.get_attribute: Timeout 30000ms exceeded.
Call log:
waiting for locator(""img[src*=\""        Whale.jpeg\""]"").first
"
letter O-Z/Letter X,"Locator.get_attribute: Timeout 30000ms exceeded.
Call log:
waiting for locator(""img[src*=\""        Xylophone.jpeg\""]"").first
"
letter O-Z/Letter Y,"Locator.get_attribute: Timeout 30000ms exceeded.
Call log:
waiting for locator(""img[src*=\""        Yacht.jpeg\""]"").first
"
letter O-Z/Letter Z,"Locator.get_attribute: Timeout 30000ms exceeded.
Call log:
waiting for locator(""img[src*=\""        Zebra.jpeg\""]"").first
"
